ID,Grupo de origen,Título,Autor,Empresa,Fecha,Tipo,Elemento RBPS (principal),Elementos RBPS (secundarios),Palabras clave,Descripción,Notas / advertencias
A1,Accidentes (CSB),"Investigación de explosión e incendio – Unidad de Desasfaltado con Propano (PDA), Refinería Valero McKee",U.S. Chemical Safety and Hazard Investigation Board (CSB),Valero Energy Corporation,2007,Informe de Incidente,Gestión del Cambio (MOC),Integridad Mecánica y Confiabilidad de Activos; Identificación de Peligros y Análisis de Riesgo (HIRA),"dead-leg, freeze protection, ROSOV, fireproofing, chlorine release, propano","Investigación de una fuga y posterior incendio en un tramo de tubería sin uso regular (""dead-leg"") de la unidad PDA, agravada por congelamiento invernal, ausencia de válvulas de cierre remoto (ROSOV) y protección contra incendio deficiente en el equipo afectado.","Año tomado de la fuente original. Verificar fecha exacta (día/mes) contra el informe CSB si se requiere precisión."
A2,Accidentes (CSB),"Investigación de incendio – Unidad de Destilación de Crudo, Refinería Chevron Richmond",U.S. Chemical Safety and Hazard Investigation Board (CSB),Chevron Corporation,2012,Informe de Incidente,Integridad Mecánica y Confiabilidad de Activos,Identificación de Peligros y Análisis de Riesgo (HIRA); Cultura de Seguridad de Procesos,"mechanical integrity, corrosion, RBI, safety culture","Falla por corrosión acelerada (sulfidación) en tuberías de acero al carbono de la unidad de crudo, no detectada a tiempo por un programa de inspección basado en riesgo (RBI) insuficiente, en un contexto de decisiones operativas que priorizaron la continuidad de producción.","Año tomado de la fuente original. Verificar fecha exacta contra el informe CSB si se requiere precisión."
A3,Accidentes (CSB),"Investigación de fatalidades por fragilización por hidrógeno – Unidad de Hidrotratamiento de Nafta, Refinería Tesoro Anacortes",U.S. Chemical Safety and Hazard Investigation Board (CSB),Tesoro Refining and Marketing Company,2010,Informe de Incidente,Integridad Mecánica y Confiabilidad de Activos,Identificación de Peligros y Análisis de Riesgo (HIRA); Cultura de Seguridad de Procesos,"HTHA, mechanical integrity, inspection program, safety culture","Ruptura catastrófica de un intercambiador de calor por ataque de hidrógeno a alta temperatura (HTHA), mecanismo de daño conocido pero no cubierto adecuadamente por el programa de inspección de la planta.","Año tomado de la fuente original. Verificar fecha exacta contra el informe CSB si se requiere precisión."
A4,Accidentes (CSB),"Investigación de explosión – Precipitador Electrostático, Unidad FCC, Refinería ExxonMobil Torrance",U.S. Chemical Safety and Hazard Investigation Board (CSB),ExxonMobil Corporation,2015,Informe de Incidente,Procedimientos Operativos,Gestión del Cambio (MOC); Identificación de Peligros y Análisis de Riesgo (HIRA),"safe operating limits, ESP explosion, procedure variance, safeguard failure, HF alkylation","Explosión en el precipitador electrostático de la unidad FCC tras la reutilización de un procedimiento de arranque sin análisis de riesgo adecuado, con operación fuera de los límites seguros y fallas de válvulas de catalizador.","Año tomado de la fuente original. Verificar fecha exacta contra el informe CSB si se requiere precisión."
A5,Accidentes (CSB),"Investigación de explosión – Unidad de Alquilación con Ácido Fluorhídrico, Refinería PES Philadelphia",U.S. Chemical Safety and Hazard Investigation Board (CSB),Philadelphia Energy Solutions (PES),2019,Informe de Incidente,Integridad Mecánica y Confiabilidad de Activos,Gestión del Cambio (MOC); Identificación de Peligros y Análisis de Riesgo (HIRA),"HF corrosion, mechanical integrity, ROSOV, safeguard reliability, inherently safer design","Corrosión acelerada en tubería con alto contenido de níquel/cobre de la unidad de alquilación con HF, sin aislamiento remoto disponible y con fallas en el sistema de mitigación por agua, derivando en liberación mayor de ácido fluorhídrico.","Año tomado de la fuente original. Verificar fecha exacta contra el informe CSB si se requiere precisión."
A6,Accidentes (CSB),"Investigación de explosión – Unidad de Craqueo Catalítico (FCC), Refinería Husky Superior",U.S. Chemical Safety and Hazard Investigation Board (CSB),Husky Energy,2018,Informe de Incidente,Procedimientos Operativos,Integridad Mecánica y Confiabilidad de Activos; Identificación de Peligros y Análisis de Riesgo (HIRA),"FCC explosion, transient operations, SCSV failure, hydrocarbon detection, community impact","Explosión durante una parada de planta por mezcla de aire e hidrocarburos en la unidad FCC, originada en la falla de una válvula de catalizador (SCSV) durante una operación transitoria, con salvaguardas de confiabilidad no verificada.","Año tomado de la fuente original. Verificar fecha exacta contra el informe CSB si se requiere precisión."
P1,Procedimientos/Normas,Gestión de Alarmas y su Relación con el Ciclo de Vida de Seguridad Instrumentada (ISA 18.2),exida,exida,2016,Norma,Identificación de Peligros y Análisis de Riesgo (HIRA),Procedimientos Operativos; Entrenamiento y Aseguramiento del Desempeño,"Alarm Management, ISA 18.2, SIS","Documento técnico que vincula las buenas prácticas de gestión de alarmas (ISA 18.2) con el ciclo de vida de los sistemas instrumentados de seguridad (SIS): diseño, racionalización, mantenimiento y desempeño de alarmas de proceso.","*Fecha aproximada (2ª edición de ISA-18.2). Verificar edición exacta utilizada."
P2,Procedimientos/Normas,Gestión de Crisis Organizacionales (BS 11200),British Standards Institution (BSI),British Standards Institution (BSI),2014,Norma,Gestión de Emergencias,Cultura de Seguridad de Procesos; Investigación de Incidentes,"Crisis Management, BS 11200","Guía de buenas prácticas para el diseño, implementación y prueba de planes de gestión de crisis organizacionales, usada como marco de referencia para la preparación ante emergencias de gran escala.","*Fecha aproximada. Verificar edición exacta de BS 11200 utilizada."
P3,Procedimientos/Normas,Estándar Corporativo de Gestión del Cambio (MOC 01000),Chevron Corporation,Chevron Corporation,N/D,Procedimiento,Gestión del Cambio (MOC),Cumplimiento con Normas; Identificación de Peligros y Análisis de Riesgo (HIRA),"Management of Change, MOC 01000","Estándar corporativo que define el proceso de gestión del cambio (MOC) para modificaciones técnicas, organizacionales y de procedimientos, incluyendo evaluación de riesgo del cambio propuesto y autorización formal previa a su implementación.","Fecha del documento interno no es pública. Completar con la fecha real si se dispone de ella."
P4,Procedimientos/Normas,Requisitos y Guía Principal de Respuesta y Preparación ante Emergencias (OSHA 3122),Occupational Safety and Health Administration (OSHA),OSHA – U.S. Department of Labor,2004,Norma,Gestión de Emergencias,Entrenamiento y Aseguramiento del Desempeño; Cumplimiento con Normas,"Emergency Response, OSHA 3122","Publicación de OSHA que resume los requisitos normativos y buenas prácticas de preparación y respuesta ante emergencias aplicables a instalaciones que manejan sustancias peligrosas.","Fecha verificada: OSHA 3122-06R, 2004."
P5,Procedimientos/Normas,Filosofía y Ciclo de Vida de Alarmas (Shell DEP 32.80.10.14),Shell Global Solutions,Shell,N/D,Procedimiento,Procedimientos Operativos,Identificación de Peligros y Análisis de Riesgo (HIRA); Integridad Mecánica y Confiabilidad de Activos,"Alarm Philosophy, DEP 32.80.10.14","Práctica de diseño y engineering (DEP) de Shell que establece la filosofía y el ciclo de vida de gestión de alarmas de proceso, desde su racionalización hasta su mantenimiento continuo.","Fecha del documento interno no es pública. Completar con la fecha real si se dispone de ella."
P6,Procedimientos/Normas,Guía para Estudios de Análisis de Peligros de Proceso (Repsol SCOR G-01),Repsol,Repsol,N/D,Procedimiento,Identificación de Peligros y Análisis de Riesgo (HIRA),Investigación de Incidentes; Gestión del Cambio (MOC),"Process Hazard Analysis, SCOR G-01, HAZOP, HAZID, FMEA, What-If","Guía corporativa que estandariza la metodología a aplicar en los estudios de análisis de peligros de proceso (HAZOP, HAZID, FMEA, What-If) dentro de las instalaciones de Repsol.","Fecha del documento interno no es pública. Completar con la fecha real si se dispone de ella. Ver también P15 (SCOR G-03, Guía de Asignación de SIL) – siguiente paso del ciclo de vida de seguridad tras este PHA."
P7,Procedimientos/Normas,Principios Clave para la Investigación de Incidentes (CCPS),Center for Chemical Process Safety (CCPS) / AIChE,AIChE / CCPS,2019,Norma,Investigación de Incidentes,Revisión de la Gestión y Mejora Continua; Cumplimiento con Normas,"Incident Investigation, CCPS","Publicación de referencia de CCPS que establece los principios clave para conducir investigaciones de incidentes de seguridad de procesos, desde la recolección de evidencia hasta la identificación de causas raíz.","*Fecha aproximada (Guidelines for Investigating Process Safety Incidents, 3ra ed.). Verificar edición exacta."
P8,Procedimientos/Normas,"Norma Regulamentadora NR-13 – Caldeiras, Vasos de Pressão, Tubulações e Tanques Metálicos de Armazenamento",Ministério do Trabalho e Emprego (Brasil),Ministério do Trabalho e Emprego (Brasil),2022,Norma,Integridad Mecánica y Confiabilidad de Activos,Cumplimiento con Normas,"NR-13, Pressure Vessels","Norma regulamentadora brasileña que establece los requisitos mínimos de seguridad para instalación, operación, inspección y mantenimiento de calderas, vasos de presión y tuberías industriales.","Fecha verificada: última rectificação, 2022."
P9,Procedimientos/Normas,Process Safety Management (OSHA 3132),Occupational Safety and Health Administration (OSHA),OSHA – U.S. Department of Labor,2000,Norma,Cumplimiento con Normas,Identificación de Peligros y Análisis de Riesgo (HIRA); Gestión del Cambio (MOC); Entrenamiento y Aseguramiento del Desempeño; Integridad Mecánica y Confiabilidad de Activos; Gestión de Emergencias; Investigación de Incidentes,"Process Safety Management, OSHA 3132","Folleto de OSHA que resume el estándar de Gestión de Seguridad de Procesos (29 CFR 1910.119) para instalaciones que manejan químicos altamente peligrosos, cubriendo sus 14 elementos obligatorios.","Fecha verificada: OSHA Publication 3132, 2000. La fuente original decía ""todos los elementos"": se listaron los 6 más directamente relacionados como secundarios."
P10,Procedimientos/Normas,Procedimiento de Auditoría Interna de SMS (PAG-SMS),Petrobras,Petrobras,N/D,Procedimiento,Auditorías,Cumplimiento con Normas; Revisión de la Gestión y Mejora Continua,"Internal Audit, SMS, PAG-SMS","Procedimiento corporativo de Petrobras que define la metodología de auditoría interna del sistema de gestión de Seguridad, Medio Ambiente y Salud (SMS).","Fecha del documento interno no es pública. Completar con la fecha real si se dispone de ella."
P11,Procedimientos/Normas,Gestión Dinámica de Barreras de Seguridad de Proceso (GDB-SP),Petrobras,Petrobras,N/D,Procedimiento,Integridad Mecánica y Confiabilidad de Activos,Identificación de Peligros y Análisis de Riesgo (HIRA); Medición y Métricas,"Dynamic Barrier Management, GDB-SP","Procedimiento de Petrobras para el monitoreo dinámico del estado de las barreras de seguridad de proceso (salvaguardas), priorizando recursos según el nivel de riesgo actual de cada barrera.","Fecha del documento interno no es pública. Completar con la fecha real si se dispone de ella."
P12,Procedimientos/Normas,Identificación y Gestión de Elementos Críticos de Seguridad Operacional (N-2782),Petrobras,Petrobras,N/D,Procedimiento,Integridad Mecánica y Confiabilidad de Activos,Procedimientos Operativos,"Critical Safety Elements, N-2782","Norma técnica interna de Petrobras que define la identificación y gestión de elementos críticos de seguridad operacional: equipos y salvaguardas cuya falla tiene mayor potencial de consecuencia.","Fecha del documento interno no es pública. Completar con la fecha real si se dispone de ella."
P13,Procedimientos/Normas,Análisis de Riesgo Operacional Digital (ARO Digital),Petrobras,Petrobras,N/D,Procedimiento,Identificación de Peligros y Análisis de Riesgo (HIRA),Procedimientos Operativos; Gestión del Cambio (MOC),"Operational Risk Analysis, ARO Digital","Herramienta y procedimiento digital de Petrobras para el análisis de riesgo operacional en actividades de refino, previo a la ejecución de tareas no rutinarias.","Fecha del documento interno no es pública. Completar con la fecha real si se dispone de ella."
P14,Procedimientos/Normas,Procedimiento de Gestión del Cambio (Management of Change) – Refinería de Joliet,"ExxonMobil (Refinería Joliet, Coordinador OIMS 7.1)",ExxonMobil,2014,Procedimiento,Gestión del Cambio (MOC),Preparación Operacional; Auditorías; Entrenamiento y Aseguramiento del Desempeño,"MOC, Management of Change, eMOC, PSSR, replacement in kind, temporary change, emergency change, parent/child MOC, hot taps, DAA, OIMS 7.1","Procedimiento corporativo completo de gestión del cambio de la refinería de Joliet: define los tipos de cambio (permanente, temporal, de emergencia, organizacional, de interfaces externas), el flujo de trabajo completo en la base de datos electrónica de MOC (inicio, aprobación para progresar, generación de acciones, revisión previa a la puesta en marcha o PSSR, autorización para uso, cierre), los roles y responsabilidades de cada participante, y casos especiales como MOCs padre/hijo para proyectos multietapa y perforaciones en caliente (hot taps). Incluye los criterios para diferenciar un cambio real de un ""reemplazo en especie"" que no requiere gestión formal.","Documento real de ExxonMobil (Refinería Joliet), marzo 2014 – fecha verificada directamente del documento. Comparable con P3 (Chevron MOC 01000) y M1 como referencia cruzada de procedimientos corporativos de MOC en distintas empresas: Chevron usa un formulario más simple, ExxonMobil un flujo de aprobación granular vía base de datos electrónica. Ver también M4 – caso de práctica que aplica la categoría 'Organization Change' definida en este procedimiento."
P15,Procedimientos/Normas,Guía de Asignación de SIL (SCOR G-03),Repsol YPF (Dirección de Seguridad y Medio Ambiente),Repsol,2008,Procedimiento,Identificación de Peligros y Análisis de Riesgo (HIRA),Integridad Mecánica y Confiabilidad de Activos; Gestión del Cambio (MOC),"SIL, SIF, IPL, LOPA, IEC 61511, ALARP, gráficas de riesgo, sistema instrumentado de seguridad, BPCS","Guía metodológica de Repsol YPF para asignar Niveles de Integridad de Seguridad (SIL) a funciones instrumentadas de seguridad (SIF), alineada con IEC 61511. Define un proceso de dos etapas – gráficas de riesgo cualitativas primero, análisis cuantitativo obligatorio para SIL3 después – más una etapa opcional de demostración costo-beneficio (ALARP). Establece las reglas para identificar capas de protección independientes (IPL) válidas y el orden de preferencia entre salvaguardas (diseño inherentemente seguro antes que protección mecánica, antes que instrumentada), con tablas de datos genéricos de frecuencia de fallo para los cálculos.","Documento relacionado: P6 (SCOR G-01, Guía para estudios de PHA) – esta guía es el paso siguiente en el ciclo de vida de seguridad de Repsol: el PHA identifica los escenarios, esta guía asigna el SIL a las funciones instrumentadas derivadas. Referencia otras normas Repsol aún no incorporadas al catálogo (SCOR N-13 Control del proceso de cambio, SCOR N-15 Gestión de los SIS) – posible ampliación futura. Nota de calidad de datos: el cuerpo principal está fechado 28/02/2008 (Revisión 1), pero los Anexos 2 a 5 conservan pie de página de la Revisión 0 (24/09/2007) sin actualizar – verificar si es relevante antes de citarlo como definitivo."
P16,Procedimientos/Normas,Procedimiento de Aislamiento de Energía – Bloqueo y Etiquetado (LOTO) – CMP-SIO-GOM-PG-6.1.B,Axion Energy (Gerencia de Producción / HSE),Axion Energy,2021,Procedimiento,Prácticas de Trabajo Seguro,Integridad Mecánica y Confiabilidad de Activos; Medición y Métricas; Entrenamiento y Aseguramiento del Desempeño,"LOTO, bloqueo y etiquetado, aislamiento de energía, LOTO mecánico, LOTO eléctrico, energía cero, RAE, CDE","Procedimiento corporativo de Axion Energy (Refinería Campana, PCC y Lubricantes, Argentina) que establece los lineamientos generales para el aislamiento de energía mediante bloqueo y etiquetado (LOTO) durante tareas de mantenimiento, inspección o limpieza. Define las distintas formas de energía peligrosa (cinética, eléctrica, hidráulica, neumática, potencial, química, residual, térmica), distingue LOTO mecánico de LOTO eléctrico, y establece un sistema de auditoría con indicadores mensuales de cumplimiento (objetivo >95% de auditorías conformes, <5% con desvíos) para ambos tipos.","Documento real de Axion Energy, Refinería Campana (Argentina) – Rev. 3, 23/04/2021, fecha verificada del propio documento (con historial de revisiones desde 2017). Cierra el vacío del Elemento 9 (Prácticas de Trabajo Seguro), que no tenía ningún representante en la biblioteca. Se referencia de forma genérica en M1, M2 y M3 (permiso de trabajo, bloqueo y etiquetado) sin que existiera como documento propio – a partir de ahora sí existe y se cruzó con los tres."
H1,HAZOP (agrupado),"Estudio HAZOP – Horno de Alimentación, Unidad de Destilación Atmosférica (CDU)",Equipo de Ingeniería de Procesos (ejercicio),Refinería Talara. Petroperu,2017,HAZOP,Identificación de Peligros y Análisis de Riesgo (HIRA),Integridad Mecánica y Confiabilidad de Activos; Gestión de Emergencias; Procedimientos Operativos,"furnace tube rupture, crude spray, pool fire, coke formation, cavitation, low flow, high temperature","Estudio HAZOP del horno de alimentación de la CDU: ruptura de tubos con derrame y fuego de charco, formación de coque por temperatura de alimentación >360°C, cavitación por bajo caudal (<15 bbl/h) y ruptura por pérdida de presión. Recomienda SIS de alta temperatura y bajo flujo, y mayor frecuencia de lectura operativa.","Ejercicio de práctica (unidad/refinería genérica) – sin empresa real. Asignar fecha real de elaboración. Ver también L1 (estudio LOPA cuantitativo de este mismo escenario). Ver también M1 (Estudio MOC derivado de este mismo escenario – mismo SIS SIL 2 y mismo TMEL)."
H2,HAZOP (agrupado),"Estudio HAZOP – Sistema de Suministro de Hidrógeno, Unidad de Hidrotratamiento",Equipo de Ingeniería de Procesos (ejercicio),Refinería Lujan de Cuyo. YPF,2020,HAZOP,Identificación de Peligros y Análisis de Riesgo (HIRA),Integridad Mecánica y Confiabilidad de Activos; Cumplimiento con Normas,"hydrogen partial pressure loss, runaway exotherm, H2S contamination, high reactor pressure, moisture","Estudio HAZOP del sistema de suministro de H2: pérdida de presión parcial con riesgo de reacción exotérmica, contaminación con H2S, sobrepresión del reactor (>140 bar) y humedad excesiva (>20 ppm). Recomienda redundancia de válvulas, interlocks de aislamiento y analizadores en línea.","Ejercicio de práctica (unidad/refinería genérica) – sin empresa real. Asignar fecha real de elaboración. Ver también L2 (estudio LOPA cuantitativo de este mismo escenario)."
H3,HAZOP (agrupado),"Estudio HAZOP – Compresor de Reciclo, Unidad de Hidrotratamiento",Equipo de Ingeniería de Procesos (ejercicio),Refinería Luján de Cuyo YPF,2021,HAZOP,Integridad Mecánica y Confiabilidad de Activos,Gestión de Emergencias,"hydrogen compressor seal failure, jet fire","Estudio HAZOP del compresor de reciclo de hidrógeno, centrado en la falla de sellos mecánicos con riesgo de fuego tipo jet. Recomienda reducir el intervalo de reemplazo de sellos a 18 meses y asegurar redundancia SIL 2 en la detección de hidrógeno.","Ejercicio de práctica (unidad/refinería genérica) – sin empresa real. Asignar fecha real de elaboración. Ver también L3 (estudio LOPA cuantitativo de este mismo escenario)."
H4,HAZOP (agrupado),"Estudio HAZOP – Condensador, Unidad de Destilación al Vacío",Equipo de Ingeniería de Procesos (ejercicio),Refinería (ejercicio académico),2022,HAZOP,Identificación de Peligros y Análisis de Riesgo (HIRA),Integridad Mecánica y Confiabilidad de Activos,"cooling water failure, vacuum loss","Estudio HAZOP del condensador de la unidad de destilación al vacío: pérdida de vacío por falla en el agua de enfriamiento. Recomienda automatizar el bypass de agua de enfriamiento y pruebas periódicas de la bomba de vacío.","Ejercicio de práctica (unidad/refinería genérica) – sin empresa real. Asignar fecha real de elaboración. Ver también L4 (estudio LOPA cuantitativo de este mismo escenario)."
H5,HAZOP (agrupado),"Estudio HAZOP – Circulación de Ácido, Unidad de Alquilación",Equipo de Ingeniería de Procesos (ejercicio),Refinería Dock Sud Raizen,2023,HAZOP,Identificación de Peligros y Análisis de Riesgo (HIRA),Integridad Mecánica y Confiabilidad de Activos,"acid flow stops, polymerisation, acid temp runaway","Estudio HAZOP de la circulación de ácido de la unidad de alquilación: riesgo de polimerización por detención del flujo y de reacción exotérmica por temperatura >25°C. Recomienda SIS de bajo flujo con bypass automático de enfriador y válvula de descarga de emergencia.","Ejercicio de práctica (unidad/refinería genérica) – sin empresa real. Asignar fecha real de elaboración."
H6,HAZOP (agrupado),"Estudio HAZOP – Tambor de Coque, Unidad de Coquización Retardada",Equipo de Ingeniería de Procesos (ejercicio),Refinería La Plata YPF,2024,HAZOP,Identificación de Peligros y Análisis de Riesgo (HIRA),Procedimientos Operativos; Entrenamiento y Aseguramiento del Desempeño,"depressurisation early, operator error, low N2 purge flow","Estudio HAZOP del tambor de coque: despresurización prematura por error operativo y bajo flujo de purga con nitrógeno. Recomienda permisivo de SIS para la secuencia de aislamiento, revisión de procedimiento y switchover automático a línea de respaldo.","Ejercicio de práctica (unidad/refinería genérica) – sin empresa real. Asignar fecha real de elaboración."
H7,HAZOP (agrupado),"Estudio HAZOP – Regenerador de Catalizador, Unidad de Craqueo Catalítico (FCC)",Equipo de Ingeniería de Procesos (ejercicio),Refinería Campana AXION,2025,HAZOP,Identificación de Peligros y Análisis de Riesgo (HIRA),Integridad Mecánica y Confiabilidad de Activos; Cumplimiento con Normas,"regenerator temp runaway combustion, catalyst circulation low, wrong catalyst batch","Estudio HAZOP del regenerador de catalizador FCC: combustión descontrolada por temperatura >750°C, baja circulación de catalizador (<150 t/h) y recepción de lote de catalizador incorrecto. Recomienda SIS de alta temperatura (SIL 3), compresor de respaldo y control de calidad en línea.","Ejercicio de práctica (unidad/refinería genérica) – sin empresa real. Asignar fecha real de elaboración."
H8,HAZOP (agrupado),"Estudio HAZOP – Condensador de Cabeza, Columna Atmosférica (CDU)",Equipo de Ingeniería de Procesos (ejercicio),Refinería REVAP Petrobras,2019,HAZOP,Identificación de Peligros y Análisis de Riesgo (HIRA),Integridad Mecánica y Confiabilidad de Activos,"overhead condenser fouling, high pressure","Estudio HAZOP del condensador de cabeza de la columna atmosférica: ensuciamiento del condensador y consecuente alta presión. Recomienda alarmas de presión y bypass automático de agua de enfriamiento.","Ejercicio de práctica (unidad/refinería genérica) – sin empresa real. Asignar fecha real de elaboración."
H9,HAZOP (agrupado),"Estudio HAZOP – Control de Alimentación, Columna de Vacío",Equipo de Ingeniería de Procesos (ejercicio),Refinería Cartagena Ecopetrol,2020,HAZOP,Identificación de Peligros y Análisis de Riesgo (HIRA),Integridad Mecánica y Confiabilidad de Activos,"vacuum column feed failure","Estudio HAZOP del sistema de control de alimentación de la columna de vacío, centrado en la falla de alimentación. Recomienda SIS de flujo mínimo con parada controlada.","Ejercicio de práctica (unidad/refinería genérica) – sin empresa real. Asignar fecha real de elaboración."
H10,HAZOP (agrupado),"Estudio HAZOP – Stripper Lateral (Side Stripper), CDU",Equipo de Ingeniería de Procesos (ejercicio),Refinería Cartagena Ecopetrol,2021,HAZOP,Identificación de Peligros y Análisis de Riesgo (HIRA),Integridad Mecánica y Confiabilidad de Activos; Procedimientos Operativos,"side stripper steam excess","Estudio HAZOP del stripper lateral de la CDU, centrado en el exceso de vapor de despojo. Recomienda regulador redundante y alarmas de nivel adicionales.","Ejercicio de práctica (unidad/refinería genérica) – sin empresa real. Asignar fecha real de elaboración."
L1,LOPA,"Estudio LOPA – Ruptura de Tubos del Horno, Unidad de Destilación Atmosférica (CDU)",Equipo de Ingeniería de Procesos (ejercicio),Refinería Talara. Petroperu,2018,LOPA,Identificación de Peligros y Análisis de Riesgo (HIRA),Integridad Mecánica y Confiabilidad de Activos; Procedimientos Operativos,"LOPA, furnace tube rupture, TMEL, SIL 2, IPL, PFD, high temperature trip","Análisis LOPA cuantitativo del escenario de ruptura de tubos del horno de alimentación de la CDU. Evalúa 5 capas de protección independientes (control de proceso, integridad mecánica, SIS de alta temperatura SIL 2, válvula de alivio, intervención del operador) contra un TMEL de 10-4/año. Concluye que el SIS SIL 2 de alta temperatura es indispensable para cumplir el objetivo de riesgo; el programa de inspección UT anual y la válvula de alivio son barreras críticas que no pueden omitirse.","Ejercicio de práctica (unidad/refinería genérica) – sin empresa real. Asignar fecha real de elaboración. Documento relacionado: H1 (Estudio HAZOP de este mismo escenario – la LOPA cuantifica un riesgo que el HAZOP identificó cualitativamente). Ver también M1 (Estudio MOC derivado de este mismo escenario – mismo SIS SIL 2 y mismo TMEL)."
L2,LOPA,"Estudio LOPA – Pérdida de Presión Parcial de Hidrógeno, Reactor de Hidrotratamiento",Equipo de Ingeniería de Procesos (ejercicio),Refinería Lujan de Cuyo YPF,2019,LOPA,Identificación de Peligros y Análisis de Riesgo (HIRA),Integridad Mecánica y Confiabilidad de Activos; Gestión de Emergencias,"LOPA, hydrogen partial pressure loss, runaway exotherm, TMEL, IPL, PFD, SIS","Análisis LOPA del escenario de pérdida de presión parcial de H2 en el reactor de hidrotratamiento, con riesgo de reacción exotérmica descontrolada tras la readmisión súbita de hidrógeno. Evalúa monitoreo de presión (BPCS), retroalimentación de posición de válvula, disparo por SIS y válvula de alivio como capas de protección independientes, contra un TMEL de 10-4/año.","Ejercicio de práctica (unidad/refinería genérica) – sin empresa real. Asignar fecha real de elaboración. Documento relacionado: H2 (Estudio HAZOP de este mismo escenario)."
L3,LOPA,"Estudio LOPA – Falla de Sellos del Compresor de Reciclo de Hidrógeno",Equipo de Ingeniería de Procesos (ejercicio),Refinería Lujan de Cuyo YPF,2020,LOPA,Integridad Mecánica y Confiabilidad de Activos,Identificación de Peligros y Análisis de Riesgo (HIRA); Gestión de Emergencias,"LOPA, compressor seal failure, hydrogen leak, jet fire, TMEL, SIL 2, H2 detection","Análisis LOPA de la falla catastrófica de sellos del compresor de reciclo de hidrógeno, con riesgo de fuego tipo jet por fuga de hidrógeno a alta presión. Concluye que la detección de H2 SIL 2 con parada de emergencia es obligatoria para cumplir el TMEL de 10-4/año (riesgo de fatalidad), y recomienda reducir el intervalo de reemplazo de sellos de 2 años a 18 meses.","Ejercicio de práctica (unidad/refinería genérica) – sin empresa real. Asignar fecha real de elaboración. Documento relacionado: H3 (Estudio HAZOP de este mismo escenario)."
L4,LOPA,"Estudio LOPA – Falla de Agua de Enfriamiento del Condensador, Destilación al Vacío",Equipo de Ingeniería de Procesos (ejercicio),Refinería La Plata YPF,2021,LOPA,Identificación de Peligros y Análisis de Riesgo (HIRA),Integridad Mecánica y Confiabilidad de Activos,"LOPA, cooling water failure, vacuum loss, tower overpressure, TMEL, IPL, PFD","Análisis LOPA de la falla del agua de enfriamiento del condensador de la unidad de destilación al vacío, con riesgo de pérdida de vacío y sobrepresión de la columna. Evalúa monitoreo de temperatura (BPCS), bypass automático de agua de respaldo y válvula de alivio de la columna como capas de protección, contra un TMEL de 10-4/año. Nota: el archivo de origen entregado corta el contenido dentro del IPL-3 – verificar si falta contenido en el .docx original antes de tomar el análisis como definitivo.","Ejercicio de práctica (unidad/refinería genérica) – sin empresa real. Asignar fecha real de elaboración. Documento relacionado: H4 (Estudio HAZOP de este mismo escenario)."
M1,MOC,"Gestión del Cambio (MOC) – Sustitución del Sistema de Control de Temperatura del Horno, Unidad de Destilación Atmosférica (CDU)",Equipo de Ingeniería de Procesos (ejercicio),Refinería REDUC Petrobras,2022,MOC,Gestión del Cambio (MOC),Identificación de Peligros y Análisis de Riesgo (HIRA); Integridad Mecánica y Confiabilidad de Activos; Preparación Operacional,"MOC, Management of Change, PSSR, Pre-Startup Safety Review, SIS, redundancia 1oo2, DCS, LOTO","Caso completo de Gestión del Cambio (MOC) para la sustitución del controlador analógico de temperatura del horno de la CDU por un sistema digital con redundancia 1oo2 integrado al DCS. Cubre el ciclo completo: evaluación de riesgo del cambio (HAZOP específico del nodo + mini-LOPA), aprobación multidisciplinaria contra la política corporativa de MOC, ejecución con permisos de trabajo y bloqueo/etiquetado (LOTO), revisión previa a la puesta en marcha (PSSR) y revisión de eficacia a 3 meses post-implementación, que registró una reducción del 40% en la variabilidad térmica del horno manteniendo el riesgo dentro del TMEL establecido.","Ejercicio de práctica (unidad/refinería genérica) – sin empresa real. Asignar fecha real de elaboración. Documento relacionado: H1 (HAZOP) y L1 (LOPA) del mismo nodo – mismo SIS SIL 2 y mismo TMEL (~10-4/año). También referencia P3 (Chevron MOC 01000) como política corporativa aplicada para la aprobación del cambio."
M2,MOC,"Gestión del Cambio (MOC) – Instalación de Válvula de Seguridad Adicional en Reactor de Hidrotratamiento",Equipo de Ingeniería de Procesos (ejercicio),Refinería Plaza Huincul YPF,2023,MOC,Gestión del Cambio (MOC),Integridad Mecánica y Confiabilidad de Activos; Identificación de Peligros y Análisis de Riesgo (HIRA); Cumplimiento con Normas,"MOC, PSV, API 521, ASME VIII, sobrepresión, reactor de hidrotratamiento, PSSR","Caso de Gestión del Cambio para la instalación de una válvula de seguridad (PSV) adicional en el reactor de hidrotratamiento, motivado por el cumplimiento de la norma API 521 y el aseguramiento de alivio suficiente ante sobrepresión por bloqueo de salida o reacción descontrolada. Evalúa el riesgo con una revisión HAZOP del nodo de control de presión del reactor y cálculo de capacidad de alivio, aprueba el cambio contra ASME VIII y API 521, y cierra con revisión de eficacia a 6 meses basada en registros de presión máxima y activaciones de la PSV.","Ejercicio de práctica (unidad/refinería genérica) – sin empresa real. Asignar fecha real de elaboración. Misma unidad que H2/L2 (hidrotratador), pero referencia un nodo HAZOP ('Reactor Pressure Control') no registrado explícitamente entre los escenarios agrupados en H2 – no se fuerza una relación directa: a diferencia de M1, este caso no cita un TMEL ni un estudio LOPA específico de la biblioteca."
M3,MOC,"Gestión del Cambio (MOC) – Cambio de Metalurgia en Tubos del Horno de Coque",Equipo de Ingeniería de Procesos (ejercicio),Refinería REFAP Petrobras,2024,MOC,Gestión del Cambio (MOC),Integridad Mecánica y Confiabilidad de Activos; Cumplimiento con Normas,"MOC, metalurgia, Cr-Mo, RBI, corrosión, sulfidación, ASME, API 530, horno de coque","Caso de Gestión del Cambio para la sustitución de tubos de acero al carbono por aleación Cr-Mo en el horno de la unidad de coquización retardada, motivado por mejorar la resistencia a alta temperatura y sulfidación. Evalúa el riesgo con revisión de inspección basada en riesgo (RBI) y análisis de corrosión a alta temperatura, aprueba el cambio contra ASME/API 530, y cierra con revisión de eficacia a 12 meses que registra una reducción del 60% en la tasa de corrosión.","Ejercicio de práctica (unidad/refinería genérica) – sin empresa real. Asignar fecha real de elaboración. Misma unidad que H6 (Tambor de Coque, coquización retardada) pero sobre un equipo distinto (horno, no tambor) – no está entre los escenarios registrados en H6. Metodología RBI conecta temáticamente con A2 (Chevron Richmond): mismo mecanismo de falla, corrosión no detectada a tiempo."
M4,MOC,"Gestión del Cambio (MOC) – Reducción de Dotación en Turno Nocturno, Unidad de Alquilación",Equipo de Ingeniería de Procesos (ejercicio),Refinería Dock Sud Raizen,2025,MOC,Gestión del Cambio (MOC),Participación de la Fuerza de Trabajo; Preparación Operacional; Entrenamiento y Aseguramiento del Desempeño,"MOC, cambio organizacional, dotación mínima, turno nocturno, carga de trabajo, unidad de alquilación","Caso de Gestión del Cambio de tipo organizacional para la reducción de personal de turno nocturno de 4 a 3 operadores en la unidad de alquilación, evaluado mediante revisión de carga de trabajo y análisis de tareas críticas nocturnas. Aprobado contra la política corporativa de MOC y normativa laboral local, valida el cambio con una simulación de emergencia con la dotación reducida antes de la puesta en marcha, y cierra con revisión de eficacia a 3 meses basada en tiempos de respuesta a alarmas.","Ejercicio de práctica (unidad/refinería genérica) – sin empresa real. Asignar fecha real de elaboración. Primer caso de cambio organizacional de la biblioteca – corresponde exactamente a la categoría 'Organization Change' que define P14 (procedimiento de MOC de ExxonMobil) como uno de los 5 tipos de cambio gestionables. Misma unidad que H5 (Circulación de Ácido, Alquilación), aunque no referencia ese escenario específico."